[
  {
    "month": "January",
    "themes": [
      "National Blood Donor Month",
      "Poverty Awareness Month",
      "Glaucoma Awareness Month",
      "Cervical Health Awareness Month",
      "Eye Care Month",
      "Birth Defections Prevention Month",
      "Family Fit Lifestyle Month",
      "Financial Wellness Month"
    ],
    "events": [
      {
        "date": "1st - Polar Bear Plunge Day",
        "event": "1st - Polar Bear Plunge Day",
        "type": "daily",
        "month": "January"
      },
      {
        "date": "24th - Compliment Day",
        "event": "24th - Compliment Day",
        "type": "daily",
        "month": "January"
      },
      {
        "date": "2nd - Science Fiction Day",
        "event": "2nd - Science Fiction Day",
        "type": "daily",
        "month": "January"
      },
      {
        "date": "24th - Peanut Butter Day",
        "event": "24th - Peanut Butter Day",
        "type": "daily",
        "month": "January"
      },
      {
        "date": "4th - Spaghetti Day",
        "event": "4th - Spaghetti Day",
        "type": "daily",
        "month": "January"
      },
      {
        "date": "25th - Opposite Day",
        "event": "25th - Opposite Day",
        "type": "daily",
        "month": "January"
      },
      {
        "date": "4th - Trivia Day",
        "event": "4th - Trivia Day",
        "type": "daily",
        "month": "January"
      },
      {
        "date": "26th - Spouse’s Day",
        "event": "26th - Spouse’s Day",
        "type": "daily",
        "month": "January"
      },
      {
        "date": "5th - Bird Day",
        "event": "5th - Bird Day",
        "type": "daily",
        "month": "January"
      },
      {
        "date": "27th - Chocolate Cake Day",
        "event": "27th - Chocolate Cake Day",
        "type": "daily",
        "month": "January"
      },
      {
        "date": "9th - Law Enforcement Appreciation Day",
        "event": "9th - Law Enforcement Appreciation Day",
        "type": "daily",
        "month": "January"
      },
      {
        "date": "27th - Holocaust Remembrance Day",
        "event": "27th - Holocaust Remembrance Day",
        "type": "daily",
        "month": "January"
      },
      {
        "date": "11th - Clean off Your Desk Day",
        "event": "11th - Clean off Your Desk Day",
        "type": "daily",
        "month": "January"
      },
      {
        "date": "28th - Pediatrician Day",
        "event": "28th - Pediatrician Day",
        "type": "daily",
        "month": "January"
      },
      {
        "date": "14th - Dress Up Your Pet Day",
        "event": "14th - Dress Up Your Pet Day",
        "type": "daily",
        "month": "January"
      },
      {
        "date": "28th - Lego Day",
        "event": "28th - Lego Day",
        "type": "daily",
        "month": "January"
      },
      {
        "date": "14th - World Logic Day",
        "event": "14th - World Logic Day",
        "type": "daily",
        "month": "January"
      },
      {
        "date": "29th - National Puzzle Day",
        "event": "29th - National Puzzle Day",
        "type": "daily",
        "month": "January"
      },
      {
        "date": "15th - Hat Day",
        "event": "15th - Hat Day",
        "type": "daily",
        "month": "January"
      },
      {
        "date": "30th - Croissant Day",
        "event": "30th - Croissant Day",
        "type": "daily",
        "month": "January"
      },
      {
        "date": "31st - Backward Day",
        "event": "31st - Backward Day",
        "type": "daily",
        "month": "January"
      },
      {
        "date": "16th - Hot & Spicy Food Day",
        "event": "16th - Hot & Spicy Food Day",
        "type": "daily",
        "month": "January"
      },
      {
        "date": "31st - Hot Chocolate Day",
        "event": "31st - Hot Chocolate Day",
        "type": "daily",
        "month": "January"
      },
      {
        "date": "18th - Winnie the Pooh Day",
        "event": "18th - Winnie the Pooh Day",
        "type": "daily",
        "month": "January"
      },
      {
        "date": "19th - Popcorn Day",
        "event": "19th - Popcorn Day",
        "type": "daily",
        "month": "January"
      },
      {
        "date": "20th - Cheese Lover’s Day",
        "event": "20th - Cheese Lover’s Day",
        "type": "daily",
        "month": "January"
      },
      {
        "date": "20th - Take a Walk Outdoors Day",
        "event": "20th - Take a Walk Outdoors Day",
        "type": "daily",
        "month": "January"
      },
      {
        "date": "21st - National Hugging Day",
        "event": "21st - National Hugging Day",
        "type": "daily",
        "month": "January"
      },
      {
        "date": "23rd - Pie Day",
        "event": "23rd - Pie Day",
        "type": "daily",
        "month": "January"
      }
    ],
    "highlightedDates": [
      {
        "date": "15th - MLK’s Birthday",
        "event": "15th - MLK’s Birthday",
        "type": "highlighted",
        "month": "January"
      },
      {
        "date": "January 1st - New Year’s Day",
        "event": "January 1st - New Year’s Day",
        "type": "highlighted",
        "month": "January"
      },
      {
        "date": "January 16th - Martin Luther King Jr. Day",
        "event": "January 16th - Martin Luther King Jr. Day",
        "type": "highlighted",
        "month": "January"
      },
      {
        "date": "22nd - Lunar New Year",
        "event": "22nd - Lunar New Year",
        "type": "highlighted",
        "month": "January"
      }
    ]
  },
  {
    "month": "February",
    "themes": [
      "Black History Month",
      "American Heart Month",
      "Responsible Pet Owner Month",
      "Cancer Prevention Month",
      "Children’s Dental Health Month",
      "Spay/Neuter Awareness Month"
    ],
    "events": [
      {
        "date": "1st - National Freedom Day",
        "event": "1st - National Freedom Day",
        "type": "daily",
        "month": "February"
      },
      {
        "date": "20th - Love Your Pet Day",
        "event": "20th - Love Your Pet Day",
        "type": "daily",
        "month": "February"
      },
      {
        "date": "2nd - Groundhog Day",
        "event": "2nd - Groundhog Day",
        "type": "daily",
        "month": "February"
      },
      {
        "date": "20th - Muffin Day",
        "event": "20th - Muffin Day",
        "type": "daily",
        "month": "February"
      },
      {
        "date": "2nd - Tater Tot Day",
        "event": "2nd - Tater Tot Day",
        "type": "daily",
        "month": "February"
      },
      {
        "date": "21st - Sticky Bun Day",
        "event": "21st - Sticky Bun Day",
        "type": "daily",
        "month": "February"
      },
      {
        "date": "3rd - Wear Red Day",
        "event": "3rd - Wear Red Day",
        "type": "daily",
        "month": "February"
      },
      {
        "date": "21st - Mardi Gras",
        "event": "21st - Mardi Gras",
        "type": "daily",
        "month": "February"
      },
      {
        "date": "3rd - Golden Retreiver Day",
        "event": "3rd - Golden Retreiver Day",
        "type": "daily",
        "month": "February"
      },
      {
        "date": "21st - Pancake Day",
        "event": "21st - Pancake Day",
        "type": "daily",
        "month": "February"
      },
      {
        "date": "4th - Facebook’s Birthday",
        "event": "4th - Facebook’s Birthday",
        "type": "daily",
        "month": "February"
      },
      {
        "date": "22nd - Margarita Day",
        "event": "22nd - Margarita Day",
        "type": "daily",
        "month": "February"
      },
      {
        "date": "4th - World Cancer Day",
        "event": "4th - World Cancer Day",
        "type": "daily",
        "month": "February"
      },
      {
        "date": "22nd - Walking the Dog Day",
        "event": "22nd - Walking the Dog Day",
        "type": "daily",
        "month": "February"
      },
      {
        "date": "5th - World Nutella Day",
        "event": "5th - World Nutella Day",
        "type": "daily",
        "month": "February"
      },
      {
        "date": "22nd - Washington’s Birthday",
        "event": "22nd - Washington’s Birthday",
        "type": "daily",
        "month": "February"
      },
      {
        "date": "9th - Pizza Day",
        "event": "9th - Pizza Day",
        "type": "daily",
        "month": "February"
      },
      {
        "date": "24th - Chili Day",
        "event": "24th - Chili Day",
        "type": "daily",
        "month": "February"
      },
      {
        "date": "10th - Flannel Day",
        "event": "10th - Flannel Day",
        "type": "daily",
        "month": "February"
      },
      {
        "date": "24th - Skip the Straw Day",
        "event": "24th - Skip the Straw Day",
        "type": "daily",
        "month": "February"
      },
      {
        "date": "11th - Inventor’s Day",
        "event": "11th - Inventor’s Day",
        "type": "daily",
        "month": "February"
      },
      {
        "date": "27th - Polar Bear Day",
        "event": "27th - Polar Bear Day",
        "type": "daily",
        "month": "February"
      },
      {
        "date": "12th - Lincoln’s Birthday",
        "event": "12th - Lincoln’s Birthday",
        "type": "daily",
        "month": "February"
      },
      {
        "date": "12th - Super Bowl Sunday",
        "event": "12th - Super Bowl Sunday",
        "type": "daily",
        "month": "February"
      },
      {
        "date": "13th - World Radio Day",
        "event": "13th - World Radio Day",
        "type": "daily",
        "month": "February"
      },
      {
        "date": "15th - Clean Out Your Computer Day",
        "event": "15th - Clean Out Your Computer Day",
        "type": "daily",
        "month": "February"
      },
      {
        "date": "17th - Random Acts of Kindness Day",
        "event": "17th - Random Acts of Kindness Day",
        "type": "daily",
        "month": "February"
      },
      {
        "date": "17th - Caregivers Day",
        "event": "17th - Caregivers Day",
        "type": "daily",
        "month": "February"
      },
      {
        "date": "18th - Drink Wine Day",
        "event": "18th - Drink Wine Day",
        "type": "daily",
        "month": "February"
      }
    ],
    "highlightedDates": [
      {
        "date": "February 14th - Valentine’s Day",
        "event": "February 14th - Valentine’s Day",
        "type": "highlighted",
        "month": "February"
      },
      {
        "date": "February 20th - President’s Day",
        "event": "February 20th - President’s Day",
        "type": "highlighted",
        "month": "February"
      }
    ]
  },
  {
    "month": "March",
    "themes": [
      "Irish American Heritage Month",
      "Women’s History Month",
      "Developmental Disabilities Awareness Month",
      "American Red Cross Month",
      "National Nutrition Month",
      "Endometriosis Awareness Month"
    ],
    "events": [
      {
        "date": "1st - Polar Bear Plunge Day",
        "event": "1st - Polar Bear Plunge Day",
        "type": "daily",
        "month": "March"
      },
      {
        "date": "23rd - Puppy Day",
        "event": "23rd - Puppy Day",
        "type": "daily",
        "month": "March"
      },
      {
        "date": "2nd - Science Fiction Day",
        "event": "2nd - Science Fiction Day",
        "type": "daily",
        "month": "March"
      },
      {
        "date": "24th - Cheesesteak Day",
        "event": "24th - Cheesesteak Day",
        "type": "daily",
        "month": "March"
      },
      {
        "date": "4th - Spaghetti Day",
        "event": "4th - Spaghetti Day",
        "type": "daily",
        "month": "March"
      },
      {
        "date": "25th - Waffle Day",
        "event": "25th - Waffle Day",
        "type": "daily",
        "month": "March"
      },
      {
        "date": "4th - Trivia Day",
        "event": "4th - Trivia Day",
        "type": "daily",
        "month": "March"
      },
      {
        "date": "29th - Good Friday",
        "event": "29th - Good Friday",
        "type": "daily",
        "month": "March"
      },
      {
        "date": "5th - Bird Day",
        "event": "5th - Bird Day",
        "type": "daily",
        "month": "March"
      },
      {
        "date": "29th - Mom and Pop Business Owners Day",
        "event": "29th - Mom and Pop Business Owners Day",
        "type": "daily",
        "month": "March"
      },
      {
        "date": "9th - Law Enforcement Appreciation Day",
        "event": "9th - Law Enforcement Appreciation Day",
        "type": "daily",
        "month": "March"
      },
      {
        "date": "30th - Take a Walk in the Park Day",
        "event": "30th - Take a Walk in the Park Day",
        "type": "daily",
        "month": "March"
      },
      {
        "date": "11th - Napping Day",
        "event": "11th - Napping Day",
        "type": "daily",
        "month": "March"
      },
      {
        "date": "30th - Doctors Day",
        "event": "30th - Doctors Day",
        "type": "daily",
        "month": "March"
      },
      {
        "date": "12th - Plant a Flower Day",
        "event": "12th - Plant a Flower Day",
        "type": "daily",
        "month": "March"
      },
      {
        "date": "31st - Tater Day",
        "event": "31st - Tater Day",
        "type": "daily",
        "month": "March"
      },
      {
        "date": "13th - Good Samaritan Day",
        "event": "13th - Good Samaritan Day",
        "type": "daily",
        "month": "March"
      },
      {
        "date": "13th - K9 Veterans Day",
        "event": "13th - K9 Veterans Day",
        "type": "daily",
        "month": "March"
      },
      {
        "date": "14th - World Kidney Day",
        "event": "14th - World Kidney Day",
        "type": "daily",
        "month": "March"
      },
      {
        "date": "14th - Pi Day",
        "event": "14th - Pi Day",
        "type": "daily",
        "month": "March"
      },
      {
        "date": "18th - Global Recycling Day",
        "event": "18th - Global Recycling Day",
        "type": "daily",
        "month": "March"
      },
      {
        "date": "20th - Day of Happiness",
        "event": "20th - Day of Happiness",
        "type": "daily",
        "month": "March"
      },
      {
        "date": "20th - World Oral Health Day",
        "event": "20th - World Oral Health Day",
        "type": "daily",
        "month": "March"
      },
      {
        "date": "21st - World Down Syndrome Day",
        "event": "21st - World Down Syndrome Day",
        "type": "daily",
        "month": "March"
      },
      {
        "date": "21st - World Poetry Day",
        "event": "21st - World Poetry Day",
        "type": "daily",
        "month": "March"
      },
      {
        "date": "22nd - American Red Cross Giving Day",
        "event": "22nd - American Red Cross Giving Day",
        "type": "daily",
        "month": "March"
      },
      {
        "date": "22nd - World Water Day",
        "event": "22nd - World Water Day",
        "type": "daily",
        "month": "March"
      }
    ],
    "highlightedDates": [
      {
        "date": "March 10th - Daylight Savings Begins",
        "event": "March 10th - Daylight Savings Begins",
        "type": "highlighted",
        "month": "March"
      },
      {
        "date": "March 17th - St. Patrick’s Day",
        "event": "March 17th - St. Patrick’s Day",
        "type": "highlighted",
        "month": "March"
      },
      {
        "date": "March 19th - 1st Day of Spring",
        "event": "March 19th - 1st Day of Spring",
        "type": "highlighted",
        "month": "March"
      },
      {
        "date": "March 31st - Easter",
        "event": "March 31st - Easter",
        "type": "highlighted",
        "month": "March"
      }
    ]
  },
  {
    "month": "April",
    "themes": [
      "Parkinson’s Awareness Month",
      "National Volunteer Month",
      "Autism Awareness Month",
      "Sexual Assault Awareness Month",
      "National Humor Month",
      "Lawn and Garden Month",
      "Stress Awareness Month"
    ],
    "events": [
      {
        "date": "1st - Handmade Day",
        "event": "1st - Handmade Day",
        "type": "daily",
        "month": "April"
      },
      {
        "date": "23rd - World Book Day",
        "event": "23rd - World Book Day",
        "type": "daily",
        "month": "April"
      },
      {
        "date": "2nd - World Autism Awareness Day",
        "event": "2nd - World Autism Awareness Day",
        "type": "daily",
        "month": "April"
      },
      {
        "date": "26th - Pretzel Day",
        "event": "26th - Pretzel Day",
        "type": "daily",
        "month": "April"
      },
      {
        "date": "6th - National Student Athlete Day",
        "event": "6th - National Student Athlete Day",
        "type": "daily",
        "month": "April"
      },
      {
        "date": "26th - Get Organized Day",
        "event": "26th - Get Organized Day",
        "type": "daily",
        "month": "April"
      },
      {
        "date": "6th - Burrito Day",
        "event": "6th - Burrito Day",
        "type": "daily",
        "month": "April"
      },
      {
        "date": "27th - Take Your Daughters and Sons to Work Day",
        "event": "27th - Take Your Daughters and Sons to Work Day",
        "type": "daily",
        "month": "April"
      },
      {
        "date": "7th - No Housework Day",
        "event": "7th - No Housework Day",
        "type": "daily",
        "month": "April"
      },
      {
        "date": "28th - Superhero Day",
        "event": "28th - Superhero Day",
        "type": "daily",
        "month": "April"
      },
      {
        "date": "9th - Law Enforcement Appreciation Day",
        "event": "9th - Law Enforcement Appreciation Day",
        "type": "daily",
        "month": "April"
      },
      {
        "date": "30th - Adopt a Shelter Pet Day",
        "event": "30th - Adopt a Shelter Pet Day",
        "type": "daily",
        "month": "April"
      },
      {
        "date": "7th - Walk to Work Day",
        "event": "7th - Walk to Work Day",
        "type": "daily",
        "month": "April"
      },
      {
        "date": "30th - Bugs Bunny Day",
        "event": "30th - Bugs Bunny Day",
        "type": "daily",
        "month": "April"
      },
      {
        "date": "10th - Hug Your Dog Day",
        "event": "10th - Hug Your Dog Day",
        "type": "daily",
        "month": "April"
      },
      {
        "date": "10th - National Siblings Day",
        "event": "10th - National Siblings Day",
        "type": "daily",
        "month": "April"
      },
      {
        "date": "10th - ASPCA Day",
        "event": "10th - ASPCA Day",
        "type": "daily",
        "month": "April"
      },
      {
        "date": "11th - National Pet Day",
        "event": "11th - National Pet Day",
        "type": "daily",
        "month": "April"
      },
      {
        "date": "12th - Grilled Cheese Sandwich Day",
        "event": "12th - Grilled Cheese Sandwich Day",
        "type": "daily",
        "month": "April"
      },
      {
        "date": "13th - National Scrabble Day",
        "event": "13th - National Scrabble Day",
        "type": "daily",
        "month": "April"
      },
      {
        "date": "14th - Donate a Book Day",
        "event": "14th - Donate a Book Day",
        "type": "daily",
        "month": "April"
      },
      {
        "date": "15th - National ASL Day",
        "event": "15th - National ASL Day",
        "type": "daily",
        "month": "April"
      },
      {
        "date": "18th - Tax Day",
        "event": "18th - Tax Day",
        "type": "daily",
        "month": "April"
      },
      {
        "date": "19th - Wear Pajamas to Work Day",
        "event": "19th - Wear Pajamas to Work Day",
        "type": "daily",
        "month": "April"
      },
      {
        "date": "22nd - Jelly Bean Day",
        "event": "22nd - Jelly Bean Day",
        "type": "daily",
        "month": "April"
      },
      {
        "date": "23rd - Picnic Day",
        "event": "23rd - Picnic Day",
        "type": "daily",
        "month": "April"
      }
    ],
    "highlightedDates": [
      {
        "date": "April 1st - April Fool’s Day",
        "event": "April 1st - April Fool’s Day",
        "type": "highlighted",
        "month": "April"
      },
      {
        "date": "April 7th - Good Friday",
        "event": "April 7th - Good Friday",
        "type": "highlighted",
        "month": "April"
      },
      {
        "date": "April 9th - Easter Sunday",
        "event": "April 9th - Easter Sunday",
        "type": "highlighted",
        "month": "April"
      },
      {
        "date": "April 5th to April 13th - Passover",
        "event": "April 5th to April 13th - Passover",
        "type": "highlighted",
        "month": "April"
      },
      {
        "date": "April 26th - Administrative Professionals Day (U.S.)",
        "event": "April 26th - Administrative Professionals Day (U.S.)",
        "type": "highlighted",
        "month": "April"
      },
      {
        "date": "April 22nd - Earth Day",
        "event": "April 22nd - Earth Day",
        "type": "highlighted",
        "month": "April"
      }
    ]
  },
  {
    "month": "May",
    "themes": [
      "Mental Health Awareness Month",
      "Military Appreciation Month",
      "Employee Health & Fitness Month",
      "National Pet Month",
      "National Barbecue Month",
      "National Blood Pressure Month"
    ],
    "events": [
      {
        "date": "2nd - International Harry Potter Day",
        "event": "2nd - International Harry Potter Day",
        "type": "daily",
        "month": "May"
      },
      {
        "date": "19th - Bike to Work Day",
        "event": "19th - Bike to Work Day",
        "type": "daily",
        "month": "May"
      },
      {
        "date": "2nd - Brothers and Sisters Day",
        "event": "2nd - Brothers and Sisters Day",
        "type": "daily",
        "month": "May"
      },
      {
        "date": "19th - Endangered Species Day",
        "event": "19th - Endangered Species Day",
        "type": "daily",
        "month": "May"
      },
      {
        "date": "2nd - Fitness Day",
        "event": "2nd - Fitness Day",
        "type": "daily",
        "month": "May"
      },
      {
        "date": "20th - Armed Forces Day",
        "event": "20th - Armed Forces Day",
        "type": "daily",
        "month": "May"
      },
      {
        "date": "2nd - Teacher Appreciation Day",
        "event": "2nd - Teacher Appreciation Day",
        "type": "daily",
        "month": "May"
      },
      {
        "date": "20th - Rescue Dog Day",
        "event": "20th - Rescue Dog Day",
        "type": "daily",
        "month": "May"
      },
      {
        "date": "4th - Star Wars Day",
        "event": "4th - Star Wars Day",
        "type": "daily",
        "month": "May"
      },
      {
        "date": "20th - World Bee Day",
        "event": "20th - World Bee Day",
        "type": "daily",
        "month": "May"
      },
      {
        "date": "4th - International Firefighters Day",
        "event": "4th - International Firefighters Day",
        "type": "daily",
        "month": "May"
      },
      {
        "date": "21st - World Baking Day",
        "event": "21st - World Baking Day",
        "type": "daily",
        "month": "May"
      },
      {
        "date": "5th - Hoagie Day",
        "event": "5th - Hoagie Day",
        "type": "daily",
        "month": "May"
      },
      {
        "date": "25th - Wine Day",
        "event": "25th - Wine Day",
        "type": "daily",
        "month": "May"
      },
      {
        "date": "6th - Nurses Day",
        "event": "6th - Nurses Day",
        "type": "daily",
        "month": "May"
      },
      {
        "date": "28th - Hamburger Day",
        "event": "28th - Hamburger Day",
        "type": "daily",
        "month": "May"
      },
      {
        "date": "7th - Children’s Mental Health Awareness Day",
        "event": "7th - Children’s Mental Health Awareness Day",
        "type": "daily",
        "month": "May"
      },
      {
        "date": "28th - Brisket Day",
        "event": "28th - Brisket Day",
        "type": "daily",
        "month": "May"
      },
      {
        "date": "7th - World Laughter Day",
        "event": "7th - World Laughter Day",
        "type": "daily",
        "month": "May"
      },
      {
        "date": "10th - Small Business Day",
        "event": "10th - Small Business Day",
        "type": "daily",
        "month": "May"
      },
      {
        "date": "10th - Shrimp Day",
        "event": "10th - Shrimp Day",
        "type": "daily",
        "month": "May"
      },
      {
        "date": "10th - Clean Your Room Day",
        "event": "10th - Clean Your Room Day",
        "type": "daily",
        "month": "May"
      },
      {
        "date": "13th - Fair Trade Day",
        "event": "13th - Fair Trade Day",
        "type": "daily",
        "month": "May"
      },
      {
        "date": "13th - Apple Pie Day",
        "event": "13th - Apple Pie Day",
        "type": "daily",
        "month": "May"
      },
      {
        "date": "15th - Chocolate Chip Day",
        "event": "15th - Chocolate Chip Day",
        "type": "daily",
        "month": "May"
      },
      {
        "date": "16th - Barbecue Day",
        "event": "16th - Barbecue Day",
        "type": "daily",
        "month": "May"
      },
      {
        "date": "16th - Love a Tree Day",
        "event": "16th - Love a Tree Day",
        "type": "daily",
        "month": "May"
      },
      {
        "date": "19th - NASCAR Day",
        "event": "19th - NASCAR Day",
        "type": "daily",
        "month": "May"
      }
    ],
    "highlightedDates": []
  },
  {
    "month": "June",
    "themes": [
      "Great Outdoors Month",
      "Men’s Health Month",
      "Pride Month",
      "Oral Health Month",
      "Safety Month"
    ],
    "events": [
      {
        "date": "1st - Go Barefoot Day",
        "event": "1st - Go Barefoot Day",
        "type": "daily",
        "month": "June"
      },
      {
        "date": "17th - Career Nursing Assistants’ Day",
        "event": "17th - Career Nursing Assistants’ Day",
        "type": "daily",
        "month": "June"
      },
      {
        "date": "1st - Global Running Day",
        "event": "1st - Global Running Day",
        "type": "daily",
        "month": "June"
      },
      {
        "date": "19th - Martini Day",
        "event": "19th - Martini Day",
        "type": "daily",
        "month": "June"
      },
      {
        "date": "1st - Say Something Nice Day",
        "event": "1st - Say Something Nice Day",
        "type": "daily",
        "month": "June"
      },
      {
        "date": "2nd - Donut Day",
        "event": "2nd - Donut Day",
        "type": "daily",
        "month": "June"
      },
      {
        "date": "21st - World Day of Music",
        "event": "21st - World Day of Music",
        "type": "daily",
        "month": "June"
      },
      {
        "date": "3rd - World Bicycle Day",
        "event": "3rd - World Bicycle Day",
        "type": "daily",
        "month": "June"
      },
      {
        "date": "21st - Day of Indigenous People",
        "event": "21st - Day of Indigenous People",
        "type": "daily",
        "month": "June"
      },
      {
        "date": "4th - Cheese Day",
        "event": "4th - Cheese Day",
        "type": "daily",
        "month": "June"
      },
      {
        "date": "21st - Selfie Day",
        "event": "21st - Selfie Day",
        "type": "daily",
        "month": "June"
      },
      {
        "date": "4th - Cancer Survivor’s Day",
        "event": "4th - Cancer Survivor’s Day",
        "type": "daily",
        "month": "June"
      },
      {
        "date": "23rd - Take Your Dog to Work Day",
        "event": "23rd - Take Your Dog to Work Day",
        "type": "daily",
        "month": "June"
      },
      {
        "date": "5th - World Environment Day",
        "event": "5th - World Environment Day",
        "type": "daily",
        "month": "June"
      },
      {
        "date": "26th - Food Truck Day",
        "event": "26th - Food Truck Day",
        "type": "daily",
        "month": "June"
      },
      {
        "date": "7th - Global Running Day",
        "event": "7th - Global Running Day",
        "type": "daily",
        "month": "June"
      },
      {
        "date": "27th - PTSD Awareness Day",
        "event": "27th - PTSD Awareness Day",
        "type": "daily",
        "month": "June"
      },
      {
        "date": "8th - World Oceans Day",
        "event": "8th - World Oceans Day",
        "type": "daily",
        "month": "June"
      },
      {
        "date": "28th - Insurance Awareness Day",
        "event": "28th - Insurance Awareness Day",
        "type": "daily",
        "month": "June"
      },
      {
        "date": "8th - Best Friends Day",
        "event": "8th - Best Friends Day",
        "type": "daily",
        "month": "June"
      },
      {
        "date": "30th - Social Media Day",
        "event": "30th - Social Media Day",
        "type": "daily",
        "month": "June"
      },
      {
        "date": "9th - Donald Duck Day",
        "event": "9th - Donald Duck Day",
        "type": "daily",
        "month": "June"
      },
      {
        "date": "11th - Corn on the Cob Day",
        "event": "11th - Corn on the Cob Day",
        "type": "daily",
        "month": "June"
      },
      {
        "date": "12th - Peanut Butter Cookie Day",
        "event": "12th - Peanut Butter Cookie Day",
        "type": "daily",
        "month": "June"
      },
      {
        "date": "14th - World Blood Donor Day",
        "event": "14th - World Blood Donor Day",
        "type": "daily",
        "month": "June"
      },
      {
        "date": "14th - Bourbon Day",
        "event": "14th - Bourbon Day",
        "type": "daily",
        "month": "June"
      },
      {
        "date": "15th - Nature Photography Day",
        "event": "15th - Nature Photography Day",
        "type": "daily",
        "month": "June"
      },
      {
        "date": "15th - Worldwide Day of Giving",
        "event": "15th - Worldwide Day of Giving",
        "type": "daily",
        "month": "June"
      },
      {
        "date": "16th - Fudge Day",
        "event": "16th - Fudge Day",
        "type": "daily",
        "month": "June"
      }
    ],
    "highlightedDates": [
      {
        "date": "19th - Juneteenth",
        "event": "19th - Juneteenth",
        "type": "highlighted",
        "month": "June"
      }
    ]
  },
  {
    "month": "July",
    "themes": [
      "National Grilling Month",
      "National Ice Cream Month",
      "National Picnic Month",
      "Independent Retailer Month",
      "National Watermelon Month"
    ],
    "events": [
      {
        "date": "1st - American Zoo Day",
        "event": "1st - American Zoo Day",
        "type": "daily",
        "month": "July"
      },
      {
        "date": "19th - Daiquiri Day",
        "event": "19th - Daiquiri Day",
        "type": "daily",
        "month": "July"
      },
      {
        "date": "1st - Postal Worker Day",
        "event": "1st - Postal Worker Day",
        "type": "daily",
        "month": "July"
      },
      {
        "date": "20th - Hotdog Day",
        "event": "20th - Hotdog Day",
        "type": "daily",
        "month": "July"
      },
      {
        "date": "1st - International Joke Day",
        "event": "1st - International Joke Day",
        "type": "daily",
        "month": "July"
      },
      {
        "date": "21st - Junk Food Day",
        "event": "21st - Junk Food Day",
        "type": "daily",
        "month": "July"
      },
      {
        "date": "3rd - International Plastic Bag Free Day",
        "event": "3rd - International Plastic Bag Free Day",
        "type": "daily",
        "month": "July"
      },
      {
        "date": "24th - Parents Day",
        "event": "24th - Parents Day",
        "type": "daily",
        "month": "July"
      },
      {
        "date": "6th - International Kissing Day",
        "event": "6th - International Kissing Day",
        "type": "daily",
        "month": "July"
      },
      {
        "date": "24th - Tequila Day",
        "event": "24th - Tequila Day",
        "type": "daily",
        "month": "July"
      },
      {
        "date": "6th - Fried Chicken Day",
        "event": "6th - Fried Chicken Day",
        "type": "daily",
        "month": "July"
      },
      {
        "date": "25th - Hire a Veteran Day",
        "event": "25th - Hire a Veteran Day",
        "type": "daily",
        "month": "July"
      },
      {
        "date": "7th - World Chocolate Day",
        "event": "7th - World Chocolate Day",
        "type": "daily",
        "month": "July"
      },
      {
        "date": "26th - Bagelfest Day",
        "event": "26th - Bagelfest Day",
        "type": "daily",
        "month": "July"
      },
      {
        "date": "8th - Video Game Day",
        "event": "8th - Video Game Day",
        "type": "daily",
        "month": "July"
      },
      {
        "date": "26th - Disability Independence Day",
        "event": "26th - Disability Independence Day",
        "type": "daily",
        "month": "July"
      },
      {
        "date": "10th - Kitten Day",
        "event": "10th - Kitten Day",
        "type": "daily",
        "month": "July"
      },
      {
        "date": "27th - Scotch Day",
        "event": "27th - Scotch Day",
        "type": "daily",
        "month": "July"
      },
      {
        "date": "11th - 7-Eleven Day",
        "event": "11th - 7-Eleven Day",
        "type": "daily",
        "month": "July"
      },
      {
        "date": "28th - Milk Chocolate Day",
        "event": "28th - Milk Chocolate Day",
        "type": "daily",
        "month": "July"
      },
      {
        "date": "11th - Mojito Day",
        "event": "11th - Mojito Day",
        "type": "daily",
        "month": "July"
      },
      {
        "date": "29th - Chicken Wing Day",
        "event": "29th - Chicken Wing Day",
        "type": "daily",
        "month": "July"
      },
      {
        "date": "13th - French Fry Day",
        "event": "13th - French Fry Day",
        "type": "daily",
        "month": "July"
      },
      {
        "date": "30th - International Day of Friendship",
        "event": "30th - International Day of Friendship",
        "type": "daily",
        "month": "July"
      },
      {
        "date": "14th - Mac and Cheese Day",
        "event": "14th - Mac and Cheese Day",
        "type": "daily",
        "month": "July"
      },
      {
        "date": "30th - Cheesecake Day",
        "event": "30th - Cheesecake Day",
        "type": "daily",
        "month": "July"
      },
      {
        "date": "15th - Pet Fire Safety Day",
        "event": "15th - Pet Fire Safety Day",
        "type": "daily",
        "month": "July"
      },
      {
        "date": "31st - Mutt Day",
        "event": "31st - Mutt Day",
        "type": "daily",
        "month": "July"
      },
      {
        "date": "15th - Give Something Away Day",
        "event": "15th - Give Something Away Day",
        "type": "daily",
        "month": "July"
      },
      {
        "date": "31st - Avocado Day",
        "event": "31st - Avocado Day",
        "type": "daily",
        "month": "July"
      },
      {
        "date": "17th - Lottery Day",
        "event": "17th - Lottery Day",
        "type": "daily",
        "month": "July"
      },
      {
        "date": "17th - Emoji Day",
        "event": "17th - Emoji Day",
        "type": "daily",
        "month": "July"
      },
      {
        "date": "17th - Ice Cream Day",
        "event": "17th - Ice Cream Day",
        "type": "daily",
        "month": "July"
      },
      {
        "date": "18th - World Listening Day",
        "event": "18th - World Listening Day",
        "type": "daily",
        "month": "July"
      }
    ],
    "highlightedDates": []
  },
  {
    "month": "August",
    "themes": [
      "Childrens Eye Health & Safety Month Month",
      "Black Business Month",
      "Eye Exam Month",
      "Immunization Awareness Month",
      "Traffic Awareness Month",
      "Sandwich Month"
    ],
    "events": [
      {
        "date": "1st - World Lung Cancer Day",
        "event": "1st - World Lung Cancer Day",
        "type": "daily",
        "month": "August"
      },
      {
        "date": "13th - International Lefthander’s Day",
        "event": "13th - International Lefthander’s Day",
        "type": "daily",
        "month": "August"
      },
      {
        "date": "1st - World Wide Web Day",
        "event": "1st - World Wide Web Day",
        "type": "daily",
        "month": "August"
      },
      {
        "date": "13th - Filet Mignon Day",
        "event": "13th - Filet Mignon Day",
        "type": "daily",
        "month": "August"
      },
      {
        "date": "1st - Spider-Man Day",
        "event": "1st - Spider-Man Day",
        "type": "daily",
        "month": "August"
      },
      {
        "date": "14th - Financial Awareness Day",
        "event": "14th - Financial Awareness Day",
        "type": "daily",
        "month": "August"
      },
      {
        "date": "2nd - Ice Cream Sandwich Day",
        "event": "2nd - Ice Cream Sandwich Day",
        "type": "daily",
        "month": "August"
      },
      {
        "date": "15th - Relaxation Day",
        "event": "15th - Relaxation Day",
        "type": "daily",
        "month": "August"
      },
      {
        "date": "3rd - Watermelon Day",
        "event": "3rd - Watermelon Day",
        "type": "daily",
        "month": "August"
      },
      {
        "date": "16th - Roller Coaster Day",
        "event": "16th - Roller Coaster Day",
        "type": "daily",
        "month": "August"
      },
      {
        "date": "3rd - IPA Day",
        "event": "3rd - IPA Day",
        "type": "daily",
        "month": "August"
      },
      {
        "date": "18th - Serendipity Day",
        "event": "18th - Serendipity Day",
        "type": "daily",
        "month": "August"
      },
      {
        "date": "4th - International Beer Day",
        "event": "4th - International Beer Day",
        "type": "daily",
        "month": "August"
      },
      {
        "date": "18th - World Breast Cancer Research Day",
        "event": "18th - World Breast Cancer Research Day",
        "type": "daily",
        "month": "August"
      },
      {
        "date": "4th - Chocolate Chip Cookie Day",
        "event": "4th - Chocolate Chip Cookie Day",
        "type": "daily",
        "month": "August"
      },
      {
        "date": "19th - World Photo Day",
        "event": "19th - World Photo Day",
        "type": "daily",
        "month": "August"
      },
      {
        "date": "5th - Oyster Day",
        "event": "5th - Oyster Day",
        "type": "daily",
        "month": "August"
      },
      {
        "date": "20th - Radio Day",
        "event": "20th - Radio Day",
        "type": "daily",
        "month": "August"
      },
      {
        "date": "5th - Play Outside Day",
        "event": "5th - Play Outside Day",
        "type": "daily",
        "month": "August"
      },
      {
        "date": "20th - World Honey Bee Day",
        "event": "20th - World Honey Bee Day",
        "type": "daily",
        "month": "August"
      },
      {
        "date": "6th - Sister’s Day",
        "event": "6th - Sister’s Day",
        "type": "daily",
        "month": "August"
      },
      {
        "date": "21st - Senior Citizen’s Day",
        "event": "21st - Senior Citizen’s Day",
        "type": "daily",
        "month": "August"
      },
      {
        "date": "6th - Friendship Day",
        "event": "6th - Friendship Day",
        "type": "daily",
        "month": "August"
      },
      {
        "date": "24th - Kobe Bryant Day",
        "event": "24th - Kobe Bryant Day",
        "type": "daily",
        "month": "August"
      },
      {
        "date": "8th - International Cat Day",
        "event": "8th - International Cat Day",
        "type": "daily",
        "month": "August"
      },
      {
        "date": "24th - Waffle Day",
        "event": "24th - Waffle Day",
        "type": "daily",
        "month": "August"
      },
      {
        "date": "9th - National Book Lovers Day",
        "event": "9th - National Book Lovers Day",
        "type": "daily",
        "month": "August"
      },
      {
        "date": "26th - Dog Day",
        "event": "26th - Dog Day",
        "type": "daily",
        "month": "August"
      },
      {
        "date": "9th - International Day of Indiginous People",
        "event": "9th - International Day of Indiginous People",
        "type": "daily",
        "month": "August"
      },
      {
        "date": "26th - Women’s Equality Day",
        "event": "26th - Women’s Equality Day",
        "type": "daily",
        "month": "August"
      },
      {
        "date": "10th - S’mores Day",
        "event": "10th - S’mores Day",
        "type": "daily",
        "month": "August"
      },
      {
        "date": "28th - National Bow Tie Day",
        "event": "28th - National Bow Tie Day",
        "type": "daily",
        "month": "August"
      },
      {
        "date": "10th - Spoil Your Dog Day",
        "event": "10th - Spoil Your Dog Day",
        "type": "daily",
        "month": "August"
      },
      {
        "date": "30th - Beach Day",
        "event": "30th - Beach Day",
        "type": "daily",
        "month": "August"
      },
      {
        "date": "11th - National Son and Daughter Day",
        "event": "11th - National Son and Daughter Day",
        "type": "daily",
        "month": "August"
      },
      {
        "date": "31st - Eat Outside Day",
        "event": "31st - Eat Outside Day",
        "type": "daily",
        "month": "August"
      },
      {
        "date": "12th - International Youth Day",
        "event": "12th - International Youth Day",
        "type": "daily",
        "month": "August"
      }
    ],
    "highlightedDates": []
  },
  {
    "month": "September",
    "themes": [
      "National Service Dog Month",
      "Hispanic Heritage Month",
      "Blood Cancer Awareness Month",
      "National Organic Month",
      "Sucide Prevention Month",
      "Sept 4 - Labor Day (U.S.)",
      "Sept 11 - Patriot Day (U.S.)",
      "Sept 23 - First Day of Fall"
    ],
    "events": [
      {
        "date": "2nd - World Beard Day",
        "event": "2nd - World Beard Day",
        "type": "daily",
        "month": "September"
      },
      {
        "date": "17th - Apple Dumpling Day",
        "event": "17th - Apple Dumpling Day",
        "type": "daily",
        "month": "September"
      },
      {
        "date": "2nd - Bacon Day",
        "event": "2nd - Bacon Day",
        "type": "daily",
        "month": "September"
      },
      {
        "date": "17th - Dance Day",
        "event": "17th - Dance Day",
        "type": "daily",
        "month": "September"
      },
      {
        "date": "4th - Wildlife Day",
        "event": "4th - Wildlife Day",
        "type": "daily",
        "month": "September"
      },
      {
        "date": "18th - Equal Pay Day",
        "event": "18th - Equal Pay Day",
        "type": "daily",
        "month": "September"
      },
      {
        "date": "5th - Cheese Pizza Day",
        "event": "5th - Cheese Pizza Day",
        "type": "daily",
        "month": "September"
      },
      {
        "date": "19th - U.S. Air Force Day",
        "event": "19th - U.S. Air Force Day",
        "type": "daily",
        "month": "September"
      },
      {
        "date": "6th - Read a Book Day",
        "event": "6th - Read a Book Day",
        "type": "daily",
        "month": "September"
      },
      {
        "date": "21st - International Day of Peace",
        "event": "21st - International Day of Peace",
        "type": "daily",
        "month": "September"
      },
      {
        "date": "7th - Beer Lovers Day",
        "event": "7th - Beer Lovers Day",
        "type": "daily",
        "month": "September"
      },
      {
        "date": "21st - World’s Alzheimer’s Day",
        "event": "21st - World’s Alzheimer’s Day",
        "type": "daily",
        "month": "September"
      },
      {
        "date": "7th - Google’s Birthday",
        "event": "7th - Google’s Birthday",
        "type": "daily",
        "month": "September"
      },
      {
        "date": "22nd - Ice Cream Cone Day",
        "event": "22nd - Ice Cream Cone Day",
        "type": "daily",
        "month": "September"
      },
      {
        "date": "8th - Physical Therapy Day",
        "event": "8th - Physical Therapy Day",
        "type": "daily",
        "month": "September"
      },
      {
        "date": "22nd - Singles Day",
        "event": "22nd - Singles Day",
        "type": "daily",
        "month": "September"
      },
      {
        "date": "10th - World Suicide Prevention Day",
        "event": "10th - World Suicide Prevention Day",
        "type": "daily",
        "month": "September"
      },
      {
        "date": "25th - Cooking Day",
        "event": "25th - Cooking Day",
        "type": "daily",
        "month": "September"
      },
      {
        "date": "10th - Grandparents Day",
        "event": "10th - Grandparents Day",
        "type": "daily",
        "month": "September"
      },
      {
        "date": "25th - Quesadilla Day",
        "event": "25th - Quesadilla Day",
        "type": "daily",
        "month": "September"
      },
      {
        "date": "12th - Video Games Day",
        "event": "12th - Video Games Day",
        "type": "daily",
        "month": "September"
      },
      {
        "date": "25th - Daughters Day",
        "event": "25th - Daughters Day",
        "type": "daily",
        "month": "September"
      },
      {
        "date": "12th - Chocolate Milkshake Day",
        "event": "12th - Chocolate Milkshake Day",
        "type": "daily",
        "month": "September"
      },
      {
        "date": "28th - Good Neighbor Day",
        "event": "28th - Good Neighbor Day",
        "type": "daily",
        "month": "September"
      },
      {
        "date": "13th - International Chocolate Day",
        "event": "13th - International Chocolate Day",
        "type": "daily",
        "month": "September"
      },
      {
        "date": "28th - Sons Day",
        "event": "28th - Sons Day",
        "type": "daily",
        "month": "September"
      },
      {
        "date": "13th - Peanut Day",
        "event": "13th - Peanut Day",
        "type": "daily",
        "month": "September"
      },
      {
        "date": "29th - World Heart Day",
        "event": "29th - World Heart Day",
        "type": "daily",
        "month": "September"
      },
      {
        "date": "14th - Eat a Hoagie Day",
        "event": "14th - Eat a Hoagie Day",
        "type": "daily",
        "month": "September"
      },
      {
        "date": "15th - Double Cheeseburger Day",
        "event": "15th - Double Cheeseburger Day",
        "type": "daily",
        "month": "September"
      },
      {
        "date": "16th - Guacamole Day",
        "event": "16th - Guacamole Day",
        "type": "daily",
        "month": "September"
      },
      {
        "date": "16th - Batman Day",
        "event": "16th - Batman Day",
        "type": "daily",
        "month": "September"
      },
      {
        "date": "17th - Citizenship Day",
        "event": "17th - Citizenship Day",
        "type": "daily",
        "month": "September"
      }
    ],
    "highlightedDates": []
  },
  {
    "month": "October",
    "themes": [
      "Adopt A Dog Month",
      "Breast Cancer Awareness Month",
      "Bullying Prevention Month",
      "Fall Car Care Month",
      "Dental Hygiene Month",
      "Domestic Violence Awareness Month",
      "Emotional Wellness Month",
      "National Pasta Month"
    ],
    "events": [
      {
        "date": "1st - International Coffee Day",
        "event": "1st - International Coffee Day",
        "type": "daily",
        "month": "October"
      },
      {
        "date": "16th - Boss’ Day",
        "event": "16th - Boss’ Day",
        "type": "daily",
        "month": "October"
      },
      {
        "date": "1st - Homemade Cookies Day",
        "event": "1st - Homemade Cookies Day",
        "type": "daily",
        "month": "October"
      },
      {
        "date": "17th - Pasta Day",
        "event": "17th - Pasta Day",
        "type": "daily",
        "month": "October"
      },
      {
        "date": "3rd - World Architecture Day",
        "event": "3rd - World Architecture Day",
        "type": "daily",
        "month": "October"
      },
      {
        "date": "18th - Chocolate Cupcake Day",
        "event": "18th - Chocolate Cupcake Day",
        "type": "daily",
        "month": "October"
      },
      {
        "date": "4th - Cinnamon Roll Day",
        "event": "4th - Cinnamon Roll Day",
        "type": "daily",
        "month": "October"
      },
      {
        "date": "19th - Medical Assistants Day",
        "event": "19th - Medical Assistants Day",
        "type": "daily",
        "month": "October"
      },
      {
        "date": "4th - Golf Lovers Day",
        "event": "4th - Golf Lovers Day",
        "type": "daily",
        "month": "October"
      },
      {
        "date": "21st - Apple Day",
        "event": "21st - Apple Day",
        "type": "daily",
        "month": "October"
      },
      {
        "date": "4th - Taco Day",
        "event": "4th - Taco Day",
        "type": "daily",
        "month": "October"
      },
      {
        "date": "21st - Back to the Future Day",
        "event": "21st - Back to the Future Day",
        "type": "daily",
        "month": "October"
      },
      {
        "date": "4th - Vodka Day",
        "event": "4th - Vodka Day",
        "type": "daily",
        "month": "October"
      },
      {
        "date": "22nd - Make A Difference Day",
        "event": "22nd - Make A Difference Day",
        "type": "daily",
        "month": "October"
      },
      {
        "date": "4th - World Animal Day",
        "event": "4th - World Animal Day",
        "type": "daily",
        "month": "October"
      },
      {
        "date": "22nd - Nut Day",
        "event": "22nd - Nut Day",
        "type": "daily",
        "month": "October"
      },
      {
        "date": "5th - World Teachers’ Day",
        "event": "5th - World Teachers’ Day",
        "type": "daily",
        "month": "October"
      },
      {
        "date": "26th - Pumpkin Day",
        "event": "26th - Pumpkin Day",
        "type": "daily",
        "month": "October"
      },
      {
        "date": "6th - Noodle Day",
        "event": "6th - Noodle Day",
        "type": "daily",
        "month": "October"
      },
      {
        "date": "27th - Navy Day",
        "event": "27th - Navy Day",
        "type": "daily",
        "month": "October"
      },
      {
        "date": "7th - World Smile Day",
        "event": "7th - World Smile Day",
        "type": "daily",
        "month": "October"
      },
      {
        "date": "28th - Chocolate Day",
        "event": "28th - Chocolate Day",
        "type": "daily",
        "month": "October"
      },
      {
        "date": "9th - Beer & Pizza Day",
        "event": "9th - Beer & Pizza Day",
        "type": "daily",
        "month": "October"
      },
      {
        "date": "29th - Cat Day",
        "event": "29th - Cat Day",
        "type": "daily",
        "month": "October"
      },
      {
        "date": "Oct 9th - Columbus Day (U.S.)",
        "event": "Oct 9th - Columbus Day (U.S.)",
        "type": "daily",
        "month": "October"
      },
      {
        "date": "10th - Indigenous Peoples’ Day",
        "event": "10th - Indigenous Peoples’ Day",
        "type": "daily",
        "month": "October"
      },
      {
        "date": "30th - Candy Corn Day",
        "event": "30th - Candy Corn Day",
        "type": "daily",
        "month": "October"
      },
      {
        "date": "Oct 31st - Halloween",
        "event": "Oct 31st - Halloween",
        "type": "daily",
        "month": "October"
      },
      {
        "date": "10th - World Mental Health Day",
        "event": "10th - World Mental Health Day",
        "type": "daily",
        "month": "October"
      },
      {
        "date": "12th - World Arthritis Day",
        "event": "12th - World Arthritis Day",
        "type": "daily",
        "month": "October"
      },
      {
        "date": "13th - M&M Day",
        "event": "13th - M&M Day",
        "type": "daily",
        "month": "October"
      },
      {
        "date": "14th - Dessert Day",
        "event": "14th - Dessert Day",
        "type": "daily",
        "month": "October"
      },
      {
        "date": "14th - World Egg Day",
        "event": "14th - World Egg Day",
        "type": "daily",
        "month": "October"
      },
      {
        "date": "15th - Global Handwashing Day",
        "event": "15th - Global Handwashing Day",
        "type": "daily",
        "month": "October"
      }
    ],
    "highlightedDates": []
  },
  {
    "month": "November",
    "themes": [
      "COPD Awareness Month",
      "American Diabetes Month",
      "Veterans & Military Families Month",
      "Adopt A Senior Pet Month",
      "National Adoption Awareness Month",
      "Native American Heritage Month",
      "Epilepsy Awareness Month",
      "Alzheimer’s Disease Month",
      "Pancreatic Cancer Awareness Month"
    ],
    "events": [
      {
        "date": "1st - World Vegan Day",
        "event": "1st - World Vegan Day",
        "type": "daily",
        "month": "November"
      },
      {
        "date": "18th - Apple Cider Day",
        "event": "18th - Apple Cider Day",
        "type": "daily",
        "month": "November"
      },
      {
        "date": "1st - Author’s Day",
        "event": "1st - Author’s Day",
        "type": "daily",
        "month": "November"
      },
      {
        "date": "18th - Mickey Mouse’s Birthday",
        "event": "18th - Mickey Mouse’s Birthday",
        "type": "daily",
        "month": "November"
      },
      {
        "date": "1st - Cinnamon Day",
        "event": "1st - Cinnamon Day",
        "type": "daily",
        "month": "November"
      },
      {
        "date": "18th - National Adoption Day",
        "event": "18th - National Adoption Day",
        "type": "daily",
        "month": "November"
      },
      {
        "date": "1st - Day of the Dead",
        "event": "1st - Day of the Dead",
        "type": "daily",
        "month": "November"
      },
      {
        "date": "19th - Women’s Entrepreneurship Day",
        "event": "19th - Women’s Entrepreneurship Day",
        "type": "daily",
        "month": "November"
      },
      {
        "date": "2nd - Stress Awareness Day",
        "event": "2nd - Stress Awareness Day",
        "type": "daily",
        "month": "November"
      },
      {
        "date": "26th - Cake Day",
        "event": "26th - Cake Day",
        "type": "daily",
        "month": "November"
      },
      {
        "date": "2nd - All Souls’ Day",
        "event": "2nd - All Souls’ Day",
        "type": "daily",
        "month": "November"
      },
      {
        "date": "28th - French Toast Day",
        "event": "28th - French Toast Day",
        "type": "daily",
        "month": "November"
      },
      {
        "date": "2nd - International Stout Day",
        "event": "2nd - International Stout Day",
        "type": "daily",
        "month": "November"
      },
      {
        "date": "30th - International Computer Security Day",
        "event": "30th - International Computer Security Day",
        "type": "daily",
        "month": "November"
      },
      {
        "date": "4th - Candy Day",
        "event": "4th - Candy Day",
        "type": "daily",
        "month": "November"
      },
      {
        "date": "5th - American Football Day",
        "event": "5th - American Football Day",
        "type": "daily",
        "month": "November"
      },
      {
        "date": "5th - Daylight Saving Time Ends",
        "event": "5th - Daylight Saving Time Ends",
        "type": "daily",
        "month": "November"
      },
      {
        "date": "6th - Nachos Day",
        "event": "6th - Nachos Day",
        "type": "daily",
        "month": "November"
      },
      {
        "date": "10th - Marine Corps Birthday",
        "event": "10th - Marine Corps Birthday",
        "type": "daily",
        "month": "November"
      },
      {
        "date": "11th - Sundae Day",
        "event": "11th - Sundae Day",
        "type": "daily",
        "month": "November"
      },
      {
        "date": "13th - World Kindness Day",
        "event": "13th - World Kindness Day",
        "type": "daily",
        "month": "November"
      },
      {
        "date": "14th - Pickle Day",
        "event": "14th - Pickle Day",
        "type": "daily",
        "month": "November"
      },
      {
        "date": "14th - World Diabetes Day",
        "event": "14th - World Diabetes Day",
        "type": "daily",
        "month": "November"
      },
      {
        "date": "15th - Recycling Day",
        "event": "15th - Recycling Day",
        "type": "daily",
        "month": "November"
      },
      {
        "date": "16th - Fast Food Day",
        "event": "16th - Fast Food Day",
        "type": "daily",
        "month": "November"
      },
      {
        "date": "17th - Hiking Day",
        "event": "17th - Hiking Day",
        "type": "daily",
        "month": "November"
      }
    ],
    "highlightedDates": []
  },
  {
    "month": "December",
    "themes": [
      "International AIDS Awareness Month",
      "Impaired Driving Prevention Month",
      "Cat Lovers’ Month",
      "Human Rights Month",
      "Worldwide Food Service Safety Month",
      "Made in America Month"
    ],
    "events": [
      {
        "date": "1st - World AIDS Day",
        "event": "1st - World AIDS Day",
        "type": "daily",
        "month": "December"
      },
      {
        "date": "16th - Chocolate Covered Anything Day",
        "event": "16th - Chocolate Covered Anything Day",
        "type": "daily",
        "month": "December"
      },
      {
        "date": "1st - Christmas Lights Day",
        "event": "1st - Christmas Lights Day",
        "type": "daily",
        "month": "December"
      },
      {
        "date": "17th - Maple Syrup Day",
        "event": "17th - Maple Syrup Day",
        "type": "daily",
        "month": "December"
      },
      {
        "date": "2nd - Candle Day",
        "event": "2nd - Candle Day",
        "type": "daily",
        "month": "December"
      },
      {
        "date": "17th - Wright Brothers Day",
        "event": "17th - Wright Brothers Day",
        "type": "daily",
        "month": "December"
      },
      {
        "date": "2nd - Mutt Day",
        "event": "2nd - Mutt Day",
        "type": "daily",
        "month": "December"
      },
      {
        "date": "18th - Answer The Phone Like Buddy The Elf Day",
        "event": "18th - Answer The Phone Like Buddy The Elf Day",
        "type": "daily",
        "month": "December"
      },
      {
        "date": "3rd - International Day of Persons With Disabilities",
        "event": "3rd - International Day of Persons With Disabilities",
        "type": "daily",
        "month": "December"
      },
      {
        "date": "21st - Crossword Puzzle Day",
        "event": "21st - Crossword Puzzle Day",
        "type": "daily",
        "month": "December"
      },
      {
        "date": "4th - Wildlife Conservation Day",
        "event": "4th - Wildlife Conservation Day",
        "type": "daily",
        "month": "December"
      },
      {
        "date": "21st - Winter Solstice",
        "event": "21st - Winter Solstice",
        "type": "daily",
        "month": "December"
      },
      {
        "date": "4th - Cookie Day",
        "event": "4th - Cookie Day",
        "type": "daily",
        "month": "December"
      },
      {
        "date": "26th - Day of Goodwill",
        "event": "26th - Day of Goodwill",
        "type": "daily",
        "month": "December"
      },
      {
        "date": "5th - International Volunteer Day",
        "event": "5th - International Volunteer Day",
        "type": "daily",
        "month": "December"
      },
      {
        "date": "27th - Fruitcake Day",
        "event": "27th - Fruitcake Day",
        "type": "daily",
        "month": "December"
      },
      {
        "date": "8th - Brownie Day",
        "event": "8th - Brownie Day",
        "type": "daily",
        "month": "December"
      },
      {
        "date": "28th - Chocolate Candy Day",
        "event": "28th - Chocolate Candy Day",
        "type": "daily",
        "month": "December"
      },
      {
        "date": "9th - Pastry Day",
        "event": "9th - Pastry Day",
        "type": "daily",
        "month": "December"
      },
      {
        "date": "9th - Christmas Card Day",
        "event": "9th - Christmas Card Day",
        "type": "daily",
        "month": "December"
      },
      {
        "date": "10th - Lager Day",
        "event": "10th - Lager Day",
        "type": "daily",
        "month": "December"
      },
      {
        "date": "11th - App Day",
        "event": "11th - App Day",
        "type": "daily",
        "month": "December"
      },
      {
        "date": "12th - Universal Health Coverage Day",
        "event": "12th - Universal Health Coverage Day",
        "type": "daily",
        "month": "December"
      },
      {
        "date": "12th - Gingerbread House Day",
        "event": "12th - Gingerbread House Day",
        "type": "daily",
        "month": "December"
      },
      {
        "date": "13th - Cocoa Day",
        "event": "13th - Cocoa Day",
        "type": "daily",
        "month": "December"
      },
      {
        "date": "14th - Free Shipping Day",
        "event": "14th - Free Shipping Day",
        "type": "daily",
        "month": "December"
      },
      {
        "date": "15th - Ugly Sweater Day",
        "event": "15th - Ugly Sweater Day",
        "type": "daily",
        "month": "December"
      },
      {
        "date": "15th - Cupcake Day",
        "event": "15th - Cupcake Day",
        "type": "daily",
        "month": "December"
      }
    ],
    "highlightedDates": [
      {
        "date": "31st - New Year’s Eve",
        "event": "31st - New Year’s Eve",
        "type": "highlighted",
        "month": "December"
      },
      {
        "date": "December 7th to 15th - Hanukkah",
        "event": "December 7th to 15th - Hanukkah",
        "type": "highlighted",
        "month": "December"
      },
      {
        "date": "December 24th - Christmas Eve",
        "event": "December 24th - Christmas Eve",
        "type": "highlighted",
        "month": "December"
      },
      {
        "date": "December 25th - Christmas",
        "event": "December 25th - Christmas",
        "type": "highlighted",
        "month": "December"
      },
      {
        "date": "December 26th to January 1st - Kwanzaa",
        "event": "December 26th to January 1st - Kwanzaa",
        "type": "highlighted",
        "month": "December"
      }
    ]
  }
]